date,mkt_rf,rf,,mkt_rf,rf,,
9/30/2014,-0.0197,0,192607,2.96,0.22,0.0296,0.0022
10/31/2014,0.0252,0,192608,2.64,0.25,192608,
11/28/2014,0.0255,0,192609,0.36,0.23,192609,
12/31/2014,-0.0006,0,192610,-3.24,0.32,192610,
1/30/2015,-0.0311,0,192611,2.53,0.31,192611,
2/27/2015,0.0613,0,192612,2.62,0.28,192612,
3/31/2015,-0.0112,0,192701,-0.06,0.25,192701,
4/30/2015,0.0059,0,192702,4.18,0.26,192702,
5/29/2015,0.0136,0,192703,0.13,0.3,192703,
6/30/2015,-0.0153,0,192704,0.46,0.25,192704,
7/31/2015,0.0154,0,192705,5.44,0.3,192705,
8/31/2015,-0.0604,0,192706,-2.34,0.26,192706,
9/30/2015,-0.0307,0,192707,7.26,0.3,192707,
10/30/2015,0.0775,0,192708,1.97,0.28,192708,
11/30/2015,0.0057,0,192709,4.76,0.21,192709,
12/31/2015,-0.0217,0.0001,192710,-4.31,0.25,192710,
1/29/2016,-0.0577,0.0001,192711,6.58,0.21,192711,
2/29/2016,-0.0007,0.0002,192712,2.09,0.22,192712,
3/31/2016,0.0696,0.0002,192801,-0.68,0.25,192801,
4/29/2016,0.0091,0.0001,192802,-1.7,0.33,192802,
5/31/2016,0.0178,0.0001,192803,8.81,0.29,192803,
6/30/2016,-0.0005,0.0002,192804,4.23,0.22,192804,
7/29/2016,0.0395,0.0002,192805,1.52,0.32,192805,
8/31/2016,0.0049,0.0002,192806,-4.85,0.31,192806,
9/30/2016,0.0025,0.0002,192807,0.62,0.32,192807,
10/31/2016,-0.0202,0.0002,192808,6.68,0.32,192808,
11/30/2016,0.0486,0.0001,192809,2.88,0.27,192809,
12/30/2016,0.0182,0.0003,192810,1.33,0.41,192810,
1/31/2017,0.0194,0.0004,192811,11.81,0.38,192811,
2/28/2017,0.0357,0.0004,192812,0.36,0.06,192812,
3/31/2017,0.0017,0.0003,192901,4.66,0.34,192901,
4/28/2017,0.0109,0.0005,192902,-0.34,0.36,192902,
5/31/2017,0.0106,0.0006,192903,-0.89,0.34,192903,
6/30/2017,0.0078,0.0006,192904,1.43,0.36,192904,
7/31/2017,0.0187,0.0007,192905,-6.39,0.44,192905,
8/31/2017,0.0016,0.0009,192906,9.7,0.52,192906,
9/29/2017,0.0251,0.0009,192907,4.46,0.33,192907,
10/31/2017,0.0225,0.0009,192908,8.18,0.4,192908,
11/30/2017,0.0312,0.0008,192909,-5.47,0.35,192909,
12/29/2017,0.0106,0.0009,192910,-20.12,0.46,192910,
1/31/2018,0.0557,0.0012,192911,-12.74,0.37,192911,
2/28/2018,-0.0365,0.0011,192912,1.33,0.37,192912,
3/29/2018,-0.0235,0.0011,193001,5.61,0.14,193001,
4/30/2018,0.0029,0.0014,193002,2.5,0.3,193002,
5/31/2018,0.0265,0.0014,193003,7.1,0.35,193003,
6/29/2018,0.0048,0.0014,193004,-2.06,0.21,193004,
7/31/2018,0.0319,0.0016,193005,-1.66,0.26,193005,
8/31/2018,0.0344,0.0016,193006,-16.27,0.27,193006,
9/28/2018,0.0006,0.0015,193007,4.12,0.2,193007,
10/31/2018,-0.0768,0.0019,193008,0.3,0.09,193008,
11/30/2018,0.0169,0.0018,193009,-12.75,0.22,193009,
12/31/2018,-0.0957,0.002,193010,-8.78,0.09,193010,
1/31/2019,0.084,0.0021,193011,-3.04,0.13,193011,
2/28/2019,0.034,0.0018,193012,-7.83,0.14,193012,
3/29/2019,0.011,0.0019,193101,6.24,0.15,193101,
4/30/2019,0.0397,0.0021,193102,10.88,0.04,193102,
5/31/2019,-0.0694,0.0021,193103,-6.43,0.13,193103,
6/28/2019,0.0693,0.0018,193104,-9.98,0.08,193104,
7/31/2019,0.0119,0.0019,193105,-13.24,0.09,193105,
8/30/2019,-0.0258,0.0016,193106,13.9,0.08,193106,
9/30/2019,0.0143,0.0018,193107,-6.62,0.06,193107,
10/31/2019,0.0206,0.0016,193108,0.41,0.03,193108,
11/29/2019,0.0388,0.0012,193109,-29.13,0.03,193109,
12/31/2019,0.0277,0.0014,193110,8.04,0.1,193110,
1/31/2020,-0.0011,0.0013,193111,-9.08,0.17,193111,
2/28/2020,-0.0813,0.0012,193112,-13.53,0.12,193112,
3/31/2020,-0.1339,0.0013,193201,-1.58,0.23,193201,
4/30/2020,0.1365,0,193202,5.46,0.23,193202,
5/29/2020,0.0558,0.0001,193203,-11.21,0.16,193203,
6/30/2020,0.0246,0.0001,193204,-17.96,0.11,193204,
7/31/2020,0.0577,0.0001,193205,-20.51,0.06,193205,
8/31/2020,0.0763,0.0001,193206,-0.7,0.02,193206,
9/30/2020,-0.0363,0.0001,193207,33.84,0.03,193207,
10/30/2020,-0.021,0.0001,193208,37.06,0.03,193208,
11/30/2020,0.1247,0.0001,193209,-2.94,0.03,193209,
12/31/2020,0.0463,0.0001,193210,-13.17,0.02,193210,
1/29/2021,-0.0003,0.0001,193211,-5.88,0.02,193211,
2/26/2021,0.0278,0,193212,4.4,0.01,193212,
3/31/2021,0.0308,0,193301,1.25,0.01,193301,
4/30/2021,0.0493,0,193302,-15.24,-0.03,193302,
5/28/2021,0.0029,0,193303,3.29,0.04,193303,
6/30/2021,0.0275,0,193304,38.85,0.1,193304,
7/30/2021,0.0127,0,193305,21.43,0.04,193305,
8/31/2021,0.0291,0,193306,13.11,0.02,193306,
9/30/2021,-0.0437,0,193307,-9.63,0.02,193307,
10/29/2021,0.0665,0,193308,12.05,0.03,193308,
11/30/2021,-0.0155,0,193309,-10.65,0.02,193309,
12/31/2021,0.031,0.0001,193310,-8.36,0.01,193310,
1/31/2022,-0.0625,0,193311,9.97,0.02,193311,
2/28/2022,-0.0229,0,193312,1.83,0.02,193312,
3/31/2022,0.0306,0.0001,193401,12.6,0.05,193401,
4/29/2022,-0.0946,0.0001,193402,-2.5,0.02,193402,
5/31/2022,-0.0034,0.0003,193403,0.09,0.02,193403,
6/30/2022,-0.0844,0.0006,193404,-1.79,0.01,193404,
7/29/2022,0.0957,0.0008,193405,-7.25,0.01,193405,
8/31/2022,-0.0377,0.0019,193406,2.64,0.01,193406,
9/30/2022,-0.0935,0.0019,193407,-10.96,0.01,193407,
10/31/2022,0.0783,0.0023,193408,5.58,0.01,193408,
11/30/2022,0.0461,0.0029,193409,-0.23,0.01,193409,
12/30/2022,-0.0641,0.0033,193410,-1.66,0.01,193410,
1/31/2023,0.0664,0.0035,193411,8.33,0.01,193411,
2/28/2023,-0.0259,0.0034,193412,0.36,0.01,193412,
3/31/2023,0.0251,0.0036,193501,-3.45,0.01,193501,
4/29/2023,0.0061,0.0035,193502,-1.94,0.02,193502,
5/31/2023,0.0035,0.0036,193503,-3.68,0.01,193503,
6/30/2023,0.0647,0.004,193504,9.06,0.01,193504,
7/29/2023,0.0321,0.0045,193505,3.47,0.01,193505,
8/31/2023,-0.0239,0.0045,193506,5.93,0.01,193506,
9/30/2023,-0.0524,0.0043,193507,7.51,0.01,193507,
10/31/2023,-0.0318,0.0047,193508,2.65,0.01,193508,
11/30/2023,0.0883,0.0044,193509,2.63,0.01,193509,
12/30/2023,0.0487,0.0043,193510,7.03,0.01,193510,
1/31/2024,0.007,0.0047,193511,4.88,0.02,193511,
2/28/2024,0.0507,0.0042,193512,4.56,0.01,193512,
3/30/2024,0.0283,0.0043,193601,6.89,0.01,193601,
4/28/2024,-0.0467,0.0047,193602,2.49,0.01,193602,
5/30/2024,0.0434,0.0044,193603,0.99,0.02,193603,
6/29/2024,0.0277,0.0041,193604,-8.14,0.02,193604,
7/28/2024,0.0124,0.0045,193605,5.19,0.02,193605,
8/30/2024,0.0161,0.0048,193606,2.4,0.03,193606,
,,,193607,6.67,0.01,193607,
,,,193608,0.99,0.02,193608,
,,,193609,0.98,0.01,193609,
,,,193610,7.12,0.02,193610,
,,,193611,3.27,0.01,193611,
,,,193612,0.21,0,193612,
,,,193701,3.35,0.01,193701,
,,,193702,1.09,0.02,193702,
,,,193703,-0.27,0.01,193703,
,,,193704,-7.36,0.03,193704,
,,,193705,-0.83,0.06,193705,
,,,193706,-4.21,0.03,193706,
,,,193707,8.91,0.03,193707,
,,,193708,-4.86,0.02,193708,
,,,193709,-13.61,0.04,193709,
,,,193710,-9.61,0.02,193710,
,,,193711,-8.31,0.02,193711,
,,,193712,-4.24,0,193712,
,,,193801,0.49,0,193801,
,,,193802,5.84,0,193802,
,,,193803,-23.82,-0.01,193803,
,,,193804,14.51,0.01,193804,
,,,193805,-3.83,0,193805,
,,,193806,23.87,0,193806,
,,,193807,7.34,-0.01,193807,
,,,193808,-2.67,0,193808,
,,,193809,0.81,0.02,193809,
,,,193810,7.8,0.01,193810,
,,,193811,-1.72,-0.06,193811,
,,,193812,4.19,0,193812,
,,,193901,-5.96,-0.01,193901,
,,,193902,3.51,0.01,193902,
,,,193903,-11.99,-0.01,193903,
,,,193904,-0.18,0,193904,
,,,193905,6.8,0.01,193905,
,,,193906,-5.31,0.01,193906,
,,,193907,10.24,0,193907,
,,,193908,-6.68,-0.01,193908,
,,,193909,16.88,0.01,193909,
,,,193910,-0.53,0,193910,
,,,193911,-3.62,0,193911,
,,,193912,3.03,0,193912,
,,,194001,-2.41,0,194001,
,,,194002,1.44,0,194002,
,,,194003,2.05,0,194003,
,,,194004,0.22,0,194004,
,,,194005,-21.95,-0.02,194005,
,,,194006,6.67,0,194006,
,,,194007,3.16,0.01,194007,
,,,194008,2.19,-0.01,194008,
,,,194009,2.39,0,194009,
,,,194010,3.02,0,194010,
,,,194011,-1.61,0,194011,
,,,194012,0.69,0,194012,
,,,194101,-4.17,-0.01,194101,
,,,194102,-1.43,-0.01,194102,
,,,194103,0.84,0.01,194103,
,,,194104,-5.46,-0.01,194104,
,,,194105,1.39,0,194105,
,,,194106,5.83,0,194106,
,,,194107,5.87,0.03,194107,
,,,194108,-0.17,0.01,194108,
,,,194109,-0.87,0.01,194109,
,,,194110,-5.25,0,194110,
,,,194111,-1.92,0,194111,
,,,194112,-4.87,0.01,194112,
,,,194201,0.79,0.02,194201,
,,,194202,-2.46,0.01,194202,
,,,194203,-6.58,0.01,194203,
,,,194204,-4.37,0.01,194204,
,,,194205,5.94,0.03,194205,
,,,194206,2.69,0.02,194206,
,,,194207,3.51,0.03,194207,
,,,194208,1.8,0.03,194208,
,,,194209,2.61,0.03,194209,
,,,194210,6.82,0.03,194210,
,,,194211,0.15,0.03,194211,
,,,194212,5.12,0.03,194212,
,,,194301,7.13,0.03,194301,
,,,194302,6.15,0.03,194302,
,,,194303,6.01,0.03,194303,
,,,194304,0.81,0.03,194304,
,,,194305,5.74,0.03,194305,
,,,194306,1.82,0.03,194306,
,,,194307,-4.77,0.03,194307,
,,,194308,1.3,0.03,194308,
,,,194309,2.4,0.03,194309,
,,,194310,-1.15,0.03,194310,
,,,194311,-5.91,0.03,194311,
,,,194312,6.36,0.03,194312,
,,,194401,1.74,0.03,194401,
,,,194402,0.37,0.03,194402,
,,,194403,2.46,0.02,194403,
,,,194404,-1.69,0.03,194404,
,,,194405,5.07,0.03,194405,
,,,194406,5.49,0.03,194406,
,,,194407,-1.49,0.03,194407,
,,,194408,1.57,0.03,194408,
,,,194409,0.01,0.02,194409,
,,,194410,0.16,0.03,194410,
,,,194411,1.71,0.03,194411,
,,,194412,4.03,0.02,194412,
,,,194501,2.01,0.03,194501,
,,,194502,6.23,0.02,194502,
,,,194503,-3.89,0.02,194503,
,,,194504,7.8,0.03,194504,
,,,194505,1.73,0.03,194505,
,,,194506,0.39,0.02,194506,
,,,194507,-2.17,0.03,194507,
,,,194508,6.2,0.03,194508,
,,,194509,4.77,0.03,194509,
,,,194510,3.89,0.03,194510,
,,,194511,5.39,0.02,194511,
,,,194512,1.2,0.03,194512,
,,,194601,6.24,0.03,194601,
,,,194602,-5.83,0.03,194602,
,,,194603,5.87,0.03,194603,
,,,194604,4.23,0.03,194604,
,,,194605,3.93,0.03,194605,
,,,194606,-3.89,0.03,194606,
,,,194607,-2.69,0.03,194607,
,,,194608,-6.44,0.03,194608,
,,,194609,-10.17,0.03,194609,
,,,194610,-1.44,0.03,194610,
,,,194611,-0.01,0.03,194611,
,,,194612,4.96,0.03,194612,
,,,194701,1.25,0.03,194701,
,,,194702,-1.08,0.03,194702,
,,,194703,-1.67,0.03,194703,
,,,194704,-4.8,0.03,194704,
,,,194705,-0.97,0.03,194705,
,,,194706,5.29,0.03,194706,
,,,194707,4.14,0.03,194707,
,,,194708,-1.74,0.03,194708,
,,,194709,-0.54,0.06,194709,
,,,194710,2.47,0.06,194710,
,,,194711,-1.97,0.06,194711,
,,,194712,3,0.08,194712,
,,,194801,-3.93,0.07,194801,
,,,194802,-4.38,0.07,194802,
,,,194803,8.07,0.09,194803,
,,,194804,3.65,0.08,194804,
,,,194805,7.3,0.08,194805,
,,,194806,-0.1,0.09,194806,
,,,194807,-5.09,0.08,194807,
,,,194808,0.25,0.09,194808,
,,,194809,-2.97,0.04,194809,
,,,194810,5.96,0.04,194810,
,,,194811,-9.3,0.04,194811,
,,,194812,3.26,0.04,194812,
,,,194901,0.23,0.1,194901,
,,,194902,-2.93,0.09,194902,
,,,194903,4.04,0.1,194903,
,,,194904,-1.87,0.09,194904,
,,,194905,-2.94,0.1,194905,
,,,194906,0.1,0.1,194906,
,,,194907,5.54,0.09,194907,
,,,194908,2.6,0.09,194908,
,,,194909,3.09,0.09,194909,
,,,194910,3.14,0.09,194910,
,,,194911,1.82,0.08,194911,
,,,194912,5.13,0.09,194912,
,,,195001,1.7,0.09,195001,
,,,195002,1.48,0.09,195002,
,,,195003,1.26,0.1,195003,
,,,195004,3.94,0.09,195004,
,,,195005,4.31,0.1,195005,
,,,195006,-5.94,0.1,195006,
,,,195007,1.36,0.1,195007,
,,,195008,4.85,0.1,195008,
,,,195009,4.81,0.1,195009,
,,,195010,-0.18,0.12,195010,
,,,195011,2.76,0.11,195011,
,,,195012,5.54,0.11,195012,
,,,195101,5.7,0.13,195101,
,,,195102,1.41,0.1,195102,
,,,195103,-2.15,0.11,195103,
,,,195104,4.86,0.13,195104,
,,,195105,-2.34,0.12,195105,
,,,195106,-2.62,0.12,195106,
,,,195107,6.94,0.13,195107,
,,,195108,4.27,0.13,195108,
,,,195109,0.7,0.12,195109,
,,,195110,-2.53,0.16,195110,
,,,195111,0.57,0.11,195111,
,,,195112,3.33,0.12,195112,
,,,195201,1.45,0.15,195201,
,,,195202,-2.62,0.12,195202,
,,,195203,4.44,0.11,195203,
,,,195204,-4.97,0.12,195204,
,,,195205,3.2,0.13,195205,
,,,195206,3.83,0.15,195206,
,,,195207,0.91,0.15,195207,
,,,195208,-0.76,0.15,195208,
,,,195209,-2.03,0.16,195209,
,,,195210,-0.66,0.14,195210,
,,,195211,5.94,0.1,195211,
,,,195212,2.93,0.16,195212,
,,,195301,-0.34,0.16,195301,
,,,195302,-0.27,0.14,195302,
,,,195303,-1.43,0.18,195303,
,,,195304,-2.83,0.16,195304,
,,,195305,0.52,0.17,195305,
,,,195306,-1.89,0.18,195306,
,,,195307,2.4,0.15,195307,
,,,195308,-4.52,0.17,195308,
,,,195309,0.2,0.16,195309,
,,,195310,4.6,0.13,195310,
,,,195311,2.83,0.08,195311,
,,,195312,0.03,0.13,195312,
,,,195401,5.13,0.11,195401,
,,,195402,1.67,0.07,195402,
,,,195403,3.65,0.08,195403,
,,,195404,4.27,0.09,195404,
,,,195405,3.09,0.05,195405,
,,,195406,1.07,0.06,195406,
,,,195407,4.99,0.05,195407,
,,,195408,-2.34,0.05,195408,
,,,195409,6.39,0.09,195409,
,,,195410,-1.67,0.07,195410,
,,,195411,9.38,0.06,195411,
,,,195412,5.48,0.08,195412,
,,,195501,0.6,0.08,195501,
,,,195502,3.02,0.09,195502,
,,,195503,-0.16,0.1,195503,
,,,195504,3.11,0.1,195504,
,,,195505,0.93,0.14,195505,
,,,195506,6.55,0.1,195506,
,,,195507,1.9,0.1,195507,
,,,195508,0.21,0.16,195508,
,,,195509,-0.36,0.16,195509,
,,,195510,-2.68,0.18,195510,
,,,195511,7.03,0.17,195511,
,,,195512,1.49,0.18,195512,
,,,195601,-3.03,0.22,195601,
,,,195602,3.77,0.19,195602,
,,,195603,6.64,0.15,195603,
,,,195604,0.28,0.19,195604,
,,,195605,-5.2,0.23,195605,
,,,195606,3.48,0.2,195606,
,,,195607,4.84,0.22,195607,
,,,195608,-3.18,0.17,195608,
,,,195609,-5.14,0.18,195609,
,,,195610,0.52,0.25,195610,
,,,195611,0.36,0.2,195611,
,,,195612,3.16,0.24,195612,
,,,195701,-3.58,0.27,195701,
,,,195702,-2.06,0.24,195702,
,,,195703,2.13,0.23,195703,
,,,195704,4.26,0.25,195704,
,,,195705,3.45,0.26,195705,
,,,195706,-0.74,0.24,195706,
,,,195707,0.66,0.3,195707,
,,,195708,-5.11,0.25,195708,
,,,195709,-5.98,0.26,195709,
,,,195710,-4.32,0.29,195710,
,,,195711,2.3,0.28,195711,
,,,195712,-3.91,0.24,195712,
,,,195801,4.66,0.28,195801,
,,,195802,-1.52,0.12,195802,
,,,195803,3.27,0.09,195803,
,,,195804,3.09,0.08,195804,
,,,195805,2.31,0.11,195805,
,,,195806,2.93,0.03,195806,
,,,195807,4.39,0.07,195807,
,,,195808,1.91,0.04,195808,
,,,195809,4.66,0.19,195809,
,,,195810,2.53,0.18,195810,
,,,195811,3.01,0.11,195811,
,,,195812,5.15,0.22,195812,
,,,195901,0.71,0.21,195901,
,,,195902,0.95,0.19,195902,
,,,195903,0.28,0.22,195903,
,,,195904,3.66,0.2,195904,
,,,195905,1.73,0.22,195905,
,,,195906,-0.25,0.25,195906,
,,,195907,3.17,0.25,195907,
,,,195908,-1.39,0.19,195908,
,,,195909,-4.8,0.31,195909,
,,,195910,1.28,0.3,195910,
,,,195911,1.6,0.26,195911,
,,,195912,2.45,0.34,195912,
,,,196001,-6.98,0.33,196001,
,,,196002,1.17,0.29,196002,
,,,196003,-1.63,0.35,196003,
,,,196004,-1.71,0.19,196004,
,,,196005,3.12,0.27,196005,
,,,196006,2.08,0.24,196006,
,,,196007,-2.37,0.13,196007,
,,,196008,3.01,0.17,196008,
,,,196009,-5.99,0.16,196009,
,,,196010,-0.71,0.22,196010,
,,,196011,4.69,0.13,196011,
,,,196012,4.71,0.16,196012,
,,,196101,6.2,0.19,196101,
,,,196102,3.57,0.14,196102,
,,,196103,2.89,0.2,196103,
,,,196104,0.29,0.17,196104,
,,,196105,2.4,0.18,196105,
,,,196106,-3.08,0.2,196106,
,,,196107,2.83,0.18,196107,
,,,196108,2.57,0.14,196108,
,,,196109,-2.15,0.17,196109,
,,,196110,2.57,0.19,196110,
,,,196111,4.45,0.15,196111,
,,,196112,-0.18,0.19,196112,
,,,196201,-3.87,0.24,196201,
,,,196202,1.81,0.2,196202,
,,,196203,-0.68,0.2,196203,
,,,196204,-6.59,0.22,196204,
,,,196205,-8.65,0.24,196205,
,,,196206,-8.47,0.2,196206,
,,,196207,6.28,0.27,196207,
,,,196208,2.13,0.23,196208,
,,,196209,-5.22,0.21,196209,
,,,196210,-0.05,0.25,196210,
,,,196211,10.87,0.2,196211,
,,,196212,1.01,0.23,196212,
,,,196301,4.93,0.25,196301,
,,,196302,-2.38,0.23,196302,
,,,196303,3.08,0.23,196303,
,,,196304,4.51,0.25,196304,
,,,196305,1.76,0.24,196305,
,,,196306,-2,0.23,196306,
,,,196307,-0.39,0.27,196307,
,,,196308,5.07,0.25,196308,
,,,196309,-1.57,0.27,196309,
,,,196310,2.53,0.29,196310,
,,,196311,-0.85,0.27,196311,
,,,196312,1.83,0.29,196312,
,,,196401,2.24,0.3,196401,
,,,196402,1.54,0.26,196402,
,,,196403,1.41,0.31,196403,
,,,196404,0.1,0.29,196404,
,,,196405,1.42,0.26,196405,
,,,196406,1.27,0.3,196406,
,,,196407,1.74,0.3,196407,
,,,196408,-1.44,0.28,196408,
,,,196409,2.69,0.28,196409,
,,,196410,0.59,0.29,196410,
,,,196411,0,0.29,196411,
,,,196412,0.03,0.31,196412,
,,,196501,3.54,0.28,196501,
,,,196502,0.44,0.3,196502,
,,,196503,-1.34,0.36,196503,
,,,196504,3.11,0.31,196504,
,,,196505,-0.77,0.31,196505,
,,,196506,-5.51,0.35,196506,
,,,196507,1.43,0.31,196507,
,,,196508,2.73,0.33,196508,
,,,196509,2.86,0.31,196509,
,,,196510,2.6,0.31,196510,
,,,196511,-0.03,0.35,196511,
,,,196512,1.01,0.33,196512,
,,,196601,0.72,0.38,196601,
,,,196602,-1.21,0.35,196602,
,,,196603,-2.51,0.38,196603,
,,,196604,2.14,0.34,196604,
,,,196605,-5.66,0.41,196605,
,,,196606,-1.44,0.38,196606,
,,,196607,-1.63,0.35,196607,
,,,196608,-7.91,0.41,196608,
,,,196609,-1.06,0.4,196609,
,,,196610,3.86,0.45,196610,
,,,196611,1.4,0.4,196611,
,,,196612,0.13,0.4,196612,
,,,196701,8.15,0.43,196701,
,,,196702,0.78,0.36,196702,
,,,196703,3.99,0.39,196703,
,,,196704,3.89,0.32,196704,
,,,196705,-4.33,0.33,196705,
,,,196706,2.41,0.27,196706,
,,,196707,4.58,0.31,196707,
,,,196708,-0.89,0.31,196708,
,,,196709,3.11,0.32,196709,
,,,196710,-3.09,0.39,196710,
,,,196711,0.37,0.36,196711,
,,,196712,3.05,0.33,196712,
,,,196801,-4.06,0.4,196801,
,,,196802,-3.75,0.39,196802,
,,,196803,0.2,0.38,196803,
,,,196804,9.05,0.43,196804,
,,,196805,2.28,0.45,196805,
,,,196806,0.69,0.43,196806,
,,,196807,-2.72,0.48,196807,
,,,196808,1.34,0.42,196808,
,,,196809,4.03,0.43,196809,
,,,196810,0.42,0.44,196810,
,,,196811,5.43,0.42,196811,
,,,196812,-3.94,0.43,196812,
,,,196901,-1.25,0.53,196901,
,,,196902,-5.84,0.46,196902,
,,,196903,2.64,0.46,196903,
,,,196904,1.46,0.53,196904,
,,,196905,-0.1,0.48,196905,
,,,196906,-7.18,0.51,196906,
,,,196907,-7,0.53,196907,
,,,196908,4.68,0.5,196908,
,,,196909,-2.98,0.62,196909,
,,,196910,5.06,0.6,196910,
,,,196911,-3.79,0.52,196911,
,,,196912,-2.63,0.64,196912,
,,,197001,-8.1,0.6,197001,
,,,197002,5.13,0.62,197002,
,,,197003,-1.06,0.57,197003,
,,,197004,-11,0.5,197004,
,,,197005,-6.92,0.53,197005,
,,,197006,-5.79,0.58,197006,
,,,197007,6.93,0.52,197007,
,,,197008,4.49,0.53,197008,
,,,197009,4.18,0.54,197009,
,,,197010,-2.28,0.46,197010,
,,,197011,4.6,0.46,197011,
,,,197012,5.72,0.42,197012,
,,,197101,4.84,0.38,197101,
,,,197102,1.41,0.33,197102,
,,,197103,4.13,0.3,197103,
,,,197104,3.15,0.28,197104,
,,,197105,-3.98,0.29,197105,
,,,197106,-0.1,0.37,197106,
,,,197107,-4.5,0.4,197107,
,,,197108,3.79,0.47,197108,
,,,197109,-0.85,0.37,197109,
,,,197110,-4.42,0.37,197110,
,,,197111,-0.46,0.37,197111,
,,,197112,8.71,0.37,197112,
,,,197201,2.49,0.29,197201,
,,,197202,2.87,0.25,197202,
,,,197203,0.63,0.27,197203,
,,,197204,0.29,0.29,197204,
,,,197205,1.25,0.3,197205,
,,,197206,-2.43,0.29,197206,
,,,197207,-0.8,0.31,197207,
,,,197208,3.26,0.29,197208,
,,,197209,-1.14,0.34,197209,
,,,197210,0.52,0.4,197210,
,,,197211,4.6,0.37,197211,
,,,197212,0.62,0.37,197212,
,,,197301,-3.29,0.44,197301,
,,,197302,-4.85,0.41,197302,
,,,197303,-1.3,0.46,197303,
,,,197304,-5.68,0.52,197304,
,,,197305,-2.94,0.51,197305,
,,,197306,-1.57,0.51,197306,
,,,197307,5.05,0.64,197307,
,,,197308,-3.82,0.7,197308,
,,,197309,4.75,0.68,197309,
,,,197310,-0.83,0.65,197310,
,,,197311,-12.75,0.56,197311,
,,,197312,0.61,0.64,197312,
,,,197401,-0.17,0.63,197401,
,,,197402,-0.47,0.58,197402,
,,,197403,-2.81,0.56,197403,
,,,197404,-5.29,0.75,197404,
,,,197405,-4.68,0.75,197405,
,,,197406,-2.83,0.6,197406,
,,,197407,-8.05,0.7,197407,
,,,197408,-9.35,0.6,197408,
,,,197409,-11.77,0.81,197409,
,,,197410,16.1,0.51,197410,
,,,197411,-4.51,0.54,197411,
,,,197412,-3.45,0.7,197412,
,,,197501,13.66,0.58,197501,
,,,197502,5.56,0.43,197502,
,,,197503,2.66,0.41,197503,
,,,197504,4.23,0.44,197504,
,,,197505,5.19,0.44,197505,
,,,197506,4.83,0.41,197506,
,,,197507,-6.59,0.48,197507,
,,,197508,-2.85,0.48,197508,
,,,197509,-4.26,0.53,197509,
,,,197510,5.31,0.56,197510,
,,,197511,2.64,0.41,197511,
,,,197512,-1.6,0.48,197512,
,,,197601,12.16,0.47,197601,
,,,197602,0.32,0.34,197602,
,,,197603,2.32,0.4,197603,
,,,197604,-1.49,0.42,197604,
,,,197605,-1.34,0.37,197605,
,,,197606,4.05,0.43,197606,
,,,197607,-1.07,0.47,197607,
,,,197608,-0.56,0.42,197608,
,,,197609,2.07,0.44,197609,
,,,197610,-2.42,0.41,197610,
,,,197611,0.36,0.4,197611,
,,,197612,5.65,0.4,197612,
,,,197701,-4.05,0.36,197701,
,,,197702,-1.94,0.35,197702,
,,,197703,-1.37,0.38,197703,
,,,197704,0.15,0.38,197704,
,,,197705,-1.45,0.37,197705,
,,,197706,4.71,0.4,197706,
,,,197707,-1.69,0.42,197707,
,,,197708,-1.75,0.44,197708,
,,,197709,-0.27,0.43,197709,
,,,197710,-4.38,0.49,197710,
,,,197711,4,0.5,197711,
,,,197712,0.27,0.49,197712,
,,,197801,-6.01,0.49,197801,
,,,197802,-1.38,0.46,197802,
,,,197803,2.85,0.53,197803,
,,,197804,7.88,0.54,197804,
,,,197805,1.76,0.51,197805,
,,,197806,-1.69,0.54,197806,
,,,197807,5.11,0.56,197807,
,,,197808,3.75,0.56,197808,
,,,197809,-1.43,0.62,197809,
,,,197810,-11.91,0.68,197810,
,,,197811,2.71,0.7,197811,
,,,197812,0.88,0.78,197812,
,,,197901,4.23,0.77,197901,
,,,197902,-3.56,0.73,197902,
,,,197903,5.68,0.81,197903,
,,,197904,-0.06,0.8,197904,
,,,197905,-2.21,0.82,197905,
,,,197906,3.85,0.81,197906,
,,,197907,0.82,0.77,197907,
,,,197908,5.53,0.77,197908,
,,,197909,-0.82,0.83,197909,
,,,197910,-8.1,0.87,197910,
,,,197911,5.21,0.99,197911,
,,,197912,1.79,0.95,197912,
,,,198001,5.51,0.8,198001,
,,,198002,-1.22,0.89,198002,
,,,198003,-12.9,1.21,198003,
,,,198004,3.97,1.26,198004,
,,,198005,5.26,0.81,198005,
,,,198006,3.06,0.61,198006,
,,,198007,6.49,0.53,198007,
,,,198008,1.8,0.64,198008,
,,,198009,2.19,0.75,198009,
,,,198010,1.06,0.95,198010,
,,,198011,9.59,0.96,198011,
,,,198012,-4.52,1.31,198012,
,,,198101,-5.04,1.04,198101,
,,,198102,0.57,1.07,198102,
,,,198103,3.56,1.21,198103,
,,,198104,-2.11,1.08,198104,
,,,198105,0.11,1.15,198105,
,,,198106,-2.36,1.35,198106,
,,,198107,-1.54,1.24,198107,
,,,198108,-7.04,1.28,198108,
,,,198109,-7.17,1.24,198109,
,,,198110,4.92,1.21,198110,
,,,198111,3.36,1.07,198111,
,,,198112,-3.65,0.87,198112,
,,,198201,-3.24,0.8,198201,
,,,198202,-5.86,0.92,198202,
,,,198203,-1.87,0.98,198203,
,,,198204,3.27,1.13,198204,
,,,198205,-3.99,1.06,198205,
,,,198206,-3.09,0.96,198206,
,,,198207,-3.19,1.05,198207,
,,,198208,11.14,0.76,198208,
,,,198209,1.29,0.51,198209,
,,,198210,11.3,0.59,198210,
,,,198211,4.67,0.63,198211,
,,,198212,0.55,0.67,198212,
,,,198301,3.6,0.69,198301,
,,,198302,2.59,0.62,198302,
,,,198303,2.82,0.63,198303,
,,,198304,6.67,0.71,198304,
,,,198305,0.52,0.69,198305,
,,,198306,3.07,0.67,198306,
,,,198307,-4.07,0.74,198307,
,,,198308,-0.5,0.76,198308,
,,,198309,0.91,0.76,198309,
,,,198310,-3.44,0.76,198310,
,,,198311,2.16,0.7,198311,
,,,198312,-1.78,0.73,198312,
,,,198401,-1.92,0.76,198401,
,,,198402,-4.82,0.71,198402,
,,,198403,0.63,0.73,198403,
,,,198404,-0.51,0.81,198404,
,,,198405,-5.97,0.78,198405,
,,,198406,1.82,0.75,198406,
,,,198407,-2.74,0.82,198407,
,,,198408,10.28,0.83,198408,
,,,198409,-0.8,0.86,198409,
,,,198410,-0.84,1,198410,
,,,198411,-1.76,0.73,198411,
,,,198412,1.84,0.64,198412,
,,,198501,7.99,0.65,198501,
,,,198502,1.22,0.58,198502,
,,,198503,-0.84,0.62,198503,
,,,198504,-0.96,0.72,198504,
,,,198505,5.09,0.66,198505,
,,,198506,1.27,0.55,198506,
,,,198507,-0.74,0.62,198507,
,,,198508,-1.02,0.55,198508,
,,,198509,-4.54,0.6,198509,
,,,198510,4.02,0.65,198510,
,,,198511,6.48,0.61,198511,
,,,198512,3.88,0.65,198512,
,,,198601,0.65,0.56,198601,
,,,198602,7.13,0.53,198602,
,,,198603,4.88,0.6,198603,
,,,198604,-1.31,0.52,198604,
,,,198605,4.62,0.49,198605,
,,,198606,1.03,0.52,198606,
,,,198607,-6.45,0.52,198607,
,,,198608,6.07,0.46,198608,
,,,198609,-8.6,0.45,198609,
,,,198610,4.66,0.46,198610,
,,,198611,1.17,0.39,198611,
,,,198612,-3.27,0.49,198612,
,,,198701,12.47,0.42,198701,
,,,198702,4.39,0.43,198702,
,,,198703,1.64,0.47,198703,
,,,198704,-2.11,0.44,198704,
,,,198705,0.11,0.38,198705,
,,,198706,3.94,0.48,198706,
,,,198707,3.85,0.46,198707,
,,,198708,3.52,0.47,198708,
,,,198709,-2.59,0.45,198709,
,,,198710,-23.24,0.6,198710,
,,,198711,-7.77,0.35,198711,
,,,198712,6.81,0.39,198712,
,,,198801,4.21,0.29,198801,
,,,198802,4.75,0.46,198802,
,,,198803,-2.27,0.44,198803,
,,,198804,0.56,0.46,198804,
,,,198805,-0.29,0.51,198805,
,,,198806,4.79,0.49,198806,
,,,198807,-1.25,0.51,198807,
,,,198808,-3.31,0.59,198808,
,,,198809,3.3,0.62,198809,
,,,198810,1.15,0.61,198810,
,,,198811,-2.29,0.57,198811,
,,,198812,1.49,0.63,198812,
,,,198901,6.1,0.55,198901,
,,,198902,-2.25,0.61,198902,
,,,198903,1.57,0.67,198903,
,,,198904,4.33,0.67,198904,
,,,198905,3.35,0.79,198905,
,,,198906,-1.35,0.71,198906,
,,,198907,7.2,0.7,198907,
,,,198908,1.44,0.74,198908,
,,,198909,-0.76,0.65,198909,
,,,198910,-3.67,0.68,198910,
,,,198911,1.03,0.69,198911,
,,,198912,1.16,0.61,198912,
,,,199001,-7.85,0.57,199001,
,,,199002,1.11,0.57,199002,
,,,199003,1.83,0.64,199003,
,,,199004,-3.36,0.69,199004,
,,,199005,8.42,0.68,199005,
,,,199006,-1.09,0.63,199006,
,,,199007,-1.9,0.68,199007,
,,,199008,-10.15,0.66,199008,
,,,199009,-6.12,0.6,199009,
,,,199010,-1.92,0.68,199010,
,,,199011,6.35,0.57,199011,
,,,199012,2.46,0.6,199012,
,,,199101,4.69,0.52,199101,
,,,199102,7.19,0.48,199102,
,,,199103,2.65,0.44,199103,
,,,199104,-0.28,0.53,199104,
,,,199105,3.65,0.47,199105,
,,,199106,-4.94,0.42,199106,
,,,199107,4.24,0.49,199107,
,,,199108,2.32,0.46,199108,
,,,199109,-1.59,0.46,199109,
,,,199110,1.29,0.42,199110,
,,,199111,-4.19,0.39,199111,
,,,199112,10.84,0.38,199112,
,,,199201,-0.59,0.34,199201,
,,,199202,1.09,0.28,199202,
,,,199203,-2.66,0.34,199203,
,,,199204,1.07,0.32,199204,
,,,199205,0.3,0.28,199205,
,,,199206,-2.34,0.32,199206,
,,,199207,3.77,0.31,199207,
,,,199208,-2.38,0.26,199208,
,,,199209,1.19,0.26,199209,
,,,199210,1.02,0.23,199210,
,,,199211,4.13,0.23,199211,
,,,199212,1.53,0.28,199212,
,,,199301,0.93,0.23,199301,
,,,199302,0.12,0.22,199302,
,,,199303,2.3,0.25,199303,
,,,199304,-3.05,0.24,199304,
,,,199305,2.89,0.22,199305,
,,,199306,0.31,0.25,199306,
,,,199307,-0.34,0.24,199307,
,,,199308,3.71,0.25,199308,
,,,199309,-0.12,0.26,199309,
,,,199310,1.41,0.22,199310,
,,,199311,-1.89,0.25,199311,
,,,199312,1.65,0.23,199312,
,,,199401,2.87,0.25,199401,
,,,199402,-2.55,0.21,199402,
,,,199403,-4.78,0.27,199403,
,,,199404,0.68,0.27,199404,
,,,199405,0.58,0.31,199405,
,,,199406,-3.03,0.31,199406,
,,,199407,2.82,0.28,199407,
,,,199408,4.01,0.37,199408,
,,,199409,-2.31,0.37,199409,
,,,199410,1.34,0.38,199410,
,,,199411,-4.04,0.37,199411,
,,,199412,0.86,0.44,199412,
,,,199501,1.8,0.42,199501,
,,,199502,3.63,0.4,199502,
,,,199503,2.19,0.46,199503,
,,,199504,2.11,0.44,199504,
,,,199505,2.9,0.54,199505,
,,,199506,2.72,0.47,199506,
,,,199507,3.72,0.45,199507,
,,,199508,0.55,0.47,199508,
,,,199509,3.35,0.43,199509,
,,,199510,-1.52,0.47,199510,
,,,199511,3.96,0.42,199511,
,,,199512,1.03,0.49,199512,
,,,199601,2.26,0.43,199601,
,,,199602,1.33,0.39,199602,
,,,199603,0.73,0.39,199603,
,,,199604,2.06,0.46,199604,
,,,199605,2.36,0.42,199605,
,,,199606,-1.14,0.4,199606,
,,,199607,-5.97,0.45,199607,
,,,199608,2.77,0.41,199608,
,,,199609,5.01,0.44,199609,
,,,199610,0.86,0.42,199610,
,,,199611,6.25,0.41,199611,
,,,199612,-1.7,0.46,199612,
,,,199701,4.99,0.45,199701,
,,,199702,-0.49,0.39,199702,
,,,199703,-5.03,0.43,199703,
,,,199704,4.04,0.43,199704,
,,,199705,6.74,0.49,199705,
,,,199706,4.1,0.37,199706,
,,,199707,7.33,0.43,199707,
,,,199708,-4.15,0.41,199708,
,,,199709,5.35,0.44,199709,
,,,199710,-3.8,0.42,199710,
,,,199711,2.98,0.39,199711,
,,,199712,1.32,0.48,199712,
,,,199801,0.15,0.43,199801,
,,,199802,7.04,0.39,199802,
,,,199803,4.76,0.39,199803,
,,,199804,0.73,0.43,199804,
,,,199805,-3.07,0.4,199805,
,,,199806,3.18,0.41,199806,
,,,199807,-2.46,0.4,199807,
,,,199808,-16.08,0.43,199808,
,,,199809,6.15,0.46,199809,
,,,199810,7.13,0.32,199810,
,,,199811,6.1,0.31,199811,
,,,199812,6.16,0.38,199812,
,,,199901,3.5,0.35,199901,
,,,199902,-4.08,0.35,199902,
,,,199903,3.45,0.43,199903,
,,,199904,4.33,0.37,199904,
,,,199905,-2.46,0.34,199905,
,,,199906,4.77,0.4,199906,
,,,199907,-3.49,0.38,199907,
,,,199908,-1.38,0.39,199908,
,,,199909,-2.79,0.39,199909,
,,,199910,6.12,0.39,199910,
,,,199911,3.37,0.36,199911,
,,,199912,7.72,0.44,199912,
,,,200001,-4.74,0.41,200001,
,,,200002,2.45,0.43,200002,
,,,200003,5.2,0.47,200003,
,,,200004,-6.4,0.46,200004,
,,,200005,-4.42,0.5,200005,
,,,200006,4.64,0.4,200006,
,,,200007,-2.51,0.48,200007,
,,,200008,7.03,0.5,200008,
,,,200009,-5.45,0.51,200009,
,,,200010,-2.76,0.56,200010,
,,,200011,-10.72,0.51,200011,
,,,200012,1.19,0.5,200012,
,,,200101,3.13,0.54,200101,
,,,200102,-10.05,0.38,200102,
,,,200103,-7.26,0.42,200103,
,,,200104,7.94,0.39,200104,
,,,200105,0.72,0.32,200105,
,,,200106,-1.94,0.28,200106,
,,,200107,-2.13,0.3,200107,
,,,200108,-6.46,0.31,200108,
,,,200109,-9.25,0.28,200109,
,,,200110,2.46,0.22,200110,
,,,200111,7.54,0.17,200111,
,,,200112,1.6,0.15,200112,
,,,200201,-1.44,0.14,200201,
,,,200202,-2.29,0.13,200202,
,,,200203,4.24,0.13,200203,
,,,200204,-5.2,0.15,200204,
,,,200205,-1.38,0.14,200205,
,,,200206,-7.21,0.13,200206,
,,,200207,-8.18,0.15,200207,
,,,200208,0.5,0.14,200208,
,,,200209,-10.35,0.14,200209,
,,,200210,7.84,0.14,200210,
,,,200211,5.96,0.12,200211,
,,,200212,-5.76,0.11,200212,
,,,200301,-2.57,0.1,200301,
,,,200302,-1.88,0.09,200302,
,,,200303,1.09,0.1,200303,
,,,200304,8.22,0.1,200304,
,,,200305,6.05,0.09,200305,
,,,200306,1.42,0.1,200306,
,,,200307,2.35,0.07,200307,
,,,200308,2.34,0.07,200308,
,,,200309,-1.24,0.08,200309,
,,,200310,6.08,0.07,200310,
,,,200311,1.35,0.07,200311,
,,,200312,4.29,0.08,200312,
,,,200401,2.15,0.07,200401,
,,,200402,1.4,0.06,200402,
,,,200403,-1.32,0.09,200403,
,,,200404,-1.83,0.08,200404,
,,,200405,1.17,0.06,200405,
,,,200406,1.86,0.08,200406,
,,,200407,-4.06,0.1,200407,
,,,200408,0.08,0.11,200408,
,,,200409,1.6,0.11,200409,
,,,200410,1.43,0.11,200410,
,,,200411,4.54,0.15,200411,
,,,200412,3.43,0.16,200412,
,,,200501,-2.76,0.16,200501,
,,,200502,1.89,0.16,200502,
,,,200503,-1.97,0.21,200503,
,,,200504,-2.61,0.21,200504,
,,,200505,3.65,0.24,200505,
,,,200506,0.57,0.23,200506,
,,,200507,3.92,0.24,200507,
,,,200508,-1.22,0.3,200508,
,,,200509,0.49,0.29,200509,
,,,200510,-2.02,0.27,200510,
,,,200511,3.61,0.31,200511,
,,,200512,-0.25,0.32,200512,
,,,200601,3.04,0.35,200601,
,,,200602,-0.3,0.34,200602,
,,,200603,1.46,0.37,200603,
,,,200604,0.73,0.36,200604,
,,,200605,-3.57,0.43,200605,
,,,200606,-0.35,0.4,200606,
,,,200607,-0.78,0.4,200607,
,,,200608,2.03,0.42,200608,
,,,200609,1.84,0.41,200609,
,,,200610,3.23,0.41,200610,
,,,200611,1.71,0.42,200611,
,,,200612,0.87,0.4,200612,
,,,200701,1.4,0.44,200701,
,,,200702,-1.96,0.38,200702,
,,,200703,0.68,0.43,200703,
,,,200704,3.49,0.44,200704,
,,,200705,3.24,0.41,200705,
,,,200706,-1.96,0.4,200706,
,,,200707,-3.73,0.4,200707,
,,,200708,0.92,0.42,200708,
,,,200709,3.22,0.32,200709,
,,,200710,1.8,0.32,200710,
,,,200711,-4.83,0.34,200711,
,,,200712,-0.87,0.27,200712,
,,,200801,-6.36,0.21,200801,
,,,200802,-3.09,0.13,200802,
,,,200803,-0.93,0.17,200803,
,,,200804,4.6,0.18,200804,
,,,200805,1.86,0.18,200805,
,,,200806,-8.44,0.17,200806,
,,,200807,-0.77,0.15,200807,
,,,200808,1.53,0.13,200808,
,,,200809,-9.24,0.15,200809,
,,,200810,-17.23,0.08,200810,
,,,200811,-7.86,0.03,200811,
,,,200812,1.74,0,200812,
,,,200901,-8.12,0,200901,
,,,200902,-10.1,0.01,200902,
,,,200903,8.95,0.02,200903,
,,,200904,10.18,0.01,200904,
,,,200905,5.21,0,200905,
,,,200906,0.43,0.01,200906,
,,,200907,7.72,0.01,200907,
,,,200908,3.33,0.01,200908,
,,,200909,4.08,0.01,200909,
,,,200910,-2.59,0,200910,
,,,200911,5.56,0,200911,
,,,200912,2.75,0.01,200912,
,,,201001,-3.36,0,201001,
,,,201002,3.4,0,201002,
,,,201003,6.31,0.01,201003,
,,,201004,2,0.01,201004,
,,,201005,-7.89,0.01,201005,
,,,201006,-5.57,0.01,201006,
,,,201007,6.93,0.01,201007,
,,,201008,-4.77,0.01,201008,
,,,201009,9.54,0.01,201009,
,,,201010,3.88,0.01,201010,
,,,201011,0.6,0.01,201011,
,,,201012,6.82,0.01,201012,
,,,201101,1.99,0.01,201101,
,,,201102,3.49,0.01,201102,
,,,201103,0.46,0.01,201103,
,,,201104,2.9,0,201104,
,,,201105,-1.27,0,201105,
,,,201106,-1.75,0,201106,
,,,201107,-2.35,0,201107,
,,,201108,-5.99,0.01,201108,
,,,201109,-7.59,0,201109,
,,,201110,11.35,0,201110,
,,,201111,-0.28,0,201111,
,,,201112,0.74,0,201112,
,,,201201,5.05,0,201201,
,,,201202,4.42,0,201202,
,,,201203,3.11,0,201203,
,,,201204,-0.85,0,201204,
,,,201205,-6.19,0.01,201205,
,,,201206,3.89,0,201206,
,,,201207,0.79,0,201207,
,,,201208,2.55,0.01,201208,
,,,201209,2.73,0.01,201209,
,,,201210,-1.76,0.01,201210,
,,,201211,0.78,0.01,201211,
,,,201212,1.18,0.01,201212,
,,,201301,5.57,0,201301,
,,,201302,1.29,0,201302,
,,,201303,4.03,0,201303,
,,,201304,1.55,0,201304,
,,,201305,2.8,0,201305,
,,,201306,-1.2,0,201306,
,,,201307,5.65,0,201307,
,,,201308,-2.71,0,201308,
,,,201309,3.77,0,201309,
,,,201310,4.18,0,201310,
,,,201311,3.13,0,201311,
,,,201312,2.81,0,201312,
,,,201401,-3.32,0,201401,
,,,201402,4.65,0,201402,
,,,201403,0.43,0,201403,
,,,201404,-0.19,0,201404,
,,,201405,2.06,0,201405,
,,,201406,2.61,0,201406,
,,,201407,-2.04,0,201407,
,,,201408,4.24,0,201408,
,,,201409,-1.97,0,201409,
,,,201410,2.52,0,201410,
,,,201411,2.55,0,201411,
,,,201412,-0.06,0,201412,
,,,201501,-3.11,0,201501,
,,,201502,6.13,0,201502,
,,,201503,-1.12,0,201503,
,,,201504,0.59,0,201504,
,,,201505,1.36,0,201505,
,,,201506,-1.53,0,201506,
,,,201507,1.54,0,201507,
,,,201508,-6.04,0,201508,
,,,201509,-3.07,0,201509,
,,,201510,7.75,0,201510,
,,,201511,0.57,0,201511,
,,,201512,-2.17,0.01,201512,
,,,201601,-5.77,0.01,201601,
,,,201602,-0.07,0.02,201602,
,,,201603,6.96,0.02,201603,
,,,201604,0.91,0.01,201604,
,,,201605,1.78,0.01,201605,
,,,201606,-0.05,0.02,201606,
,,,201607,3.95,0.02,201607,
,,,201608,0.49,0.02,201608,
,,,201609,0.25,0.02,201609,
,,,201610,-2.02,0.02,201610,
,,,201611,4.86,0.01,201611,
,,,201612,1.82,0.03,201612,
,,,201701,1.94,0.04,201701,
,,,201702,3.57,0.04,201702,
,,,201703,0.17,0.03,201703,
,,,201704,1.09,0.05,201704,
,,,201705,1.06,0.06,201705,
,,,201706,0.78,0.06,201706,
,,,201707,1.87,0.07,201707,
,,,201708,0.16,0.09,201708,
,,,201709,2.51,0.09,201709,
,,,201710,2.25,0.09,201710,
,,,201711,3.12,0.08,201711,
,,,201712,1.06,0.09,201712,
,,,201801,5.57,0.12,201801,
,,,201802,-3.65,0.11,201802,
,,,201803,-2.35,0.11,201803,
,,,201804,0.29,0.14,201804,
,,,201805,2.65,0.14,201805,
,,,201806,0.48,0.14,201806,
,,,201807,3.19,0.16,201807,
,,,201808,3.44,0.16,201808,
,,,201809,0.06,0.15,201809,
,,,201810,-7.68,0.19,201810,
,,,201811,1.69,0.18,201811,
,,,201812,-9.57,0.2,201812,
,,,201901,8.4,0.21,201901,
,,,201902,3.4,0.18,201902,
,,,201903,1.1,0.19,201903,
,,,201904,3.97,0.21,201904,
,,,201905,-6.94,0.21,201905,
,,,201906,6.93,0.18,201906,
,,,201907,1.19,0.19,201907,
,,,201908,-2.58,0.16,201908,
,,,201909,1.43,0.18,201909,
,,,201910,2.06,0.16,201910,
,,,201911,3.88,0.12,201911,
,,,201912,2.77,0.14,201912,
,,,202001,-0.11,0.13,202001,
,,,202002,-8.13,0.12,202002,
,,,202003,-13.39,0.13,202003,
,,,202004,13.65,0,202004,
,,,202005,5.58,0.01,202005,
,,,202006,2.46,0.01,202006,
,,,202007,5.77,0.01,202007,
,,,202008,7.63,0.01,202008,
,,,202009,-3.63,0.01,202009,
,,,202010,-2.1,0.01,202010,
,,,202011,12.47,0.01,202011,
,,,202012,4.63,0.01,202012,
,,,202101,-0.03,0.01,202101,
,,,202102,2.78,0,202102,
,,,202103,3.08,0,202103,
,,,202104,4.93,0,202104,
,,,202105,0.29,0,202105,
,,,202106,2.75,0,202106,
,,,202107,1.27,0,202107,
,,,202108,2.91,0,202108,
,,,202109,-4.37,0,202109,
,,,202110,6.65,0,202110,
,,,202111,-1.55,0,202111,
,,,202112,3.1,0.01,202112,
,,,202201,-6.25,0,202201,
,,,202202,-2.29,0,202202,
,,,202203,3.06,0.01,202203,
,,,202204,-9.46,0.01,202204,
,,,202205,-0.34,0.03,202205,
,,,202206,-8.44,0.06,202206,
,,,202207,9.57,0.08,202207,
,,,202208,-3.77,0.19,202208,
,,,202209,-9.35,0.19,202209,
,,,202210,7.83,0.23,202210,
,,,202211,4.61,0.29,202211,
,,,202212,-6.41,0.33,202212,
,,,202301,6.64,0.35,202301,
,,,202302,-2.59,0.34,202302,
,,,202303,2.51,0.36,202303,
,,,202304,0.61,0.35,202304,
,,,202305,0.35,0.36,202305,
,,,202306,6.47,0.4,202306,
,,,202307,3.21,0.45,202307,
,,,202308,-2.39,0.45,202308,
,,,202309,-5.24,0.43,202309,
,,,202310,-3.18,0.47,202310,
,,,202311,8.83,0.44,202311,
,,,202312,4.87,0.43,202312,
,,,202401,0.7,0.47,202401,
,,,202402,5.07,0.42,202402,
,,,202403,2.83,0.43,202403,
,,,202404,-4.67,0.47,202404,
,,,202405,4.34,0.44,202405,
,,,202406,2.77,0.41,202406,
,,,202407,1.24,0.45,202407,
,,,202408,1.61,0.48,202408,
,,,202409,1.74,0.4,202409,
,,,202410,-0.97,0.39,202410,
,,,202411,6.51,0.4,202411,
,,,202412,-3.17,0.37,202412,
